tag,step,value
lr-AdamW/pg1,49,2.771858589767362e-06
lr-AdamW/pg1,99,5.6002859309955966e-06
lr-AdamW/pg1,149,8.428713044850156e-06
lr-AdamW/pg1,199,1.1257139703957364e-05
lr-AdamW/pg1,249,1.4085567272559274e-05
lr-AdamW/pg1,299,1.6913994841161184e-05
lr-AdamW/pg1,349,1.9742421500268392e-05
lr-AdamW/pg1,399,2.25708481593756e-05
lr-AdamW/pg1,449,2.539927481848281e-05
lr-AdamW/pg1,499,2.822770329657942e-05
lr-AdamW/pg1,549,3.105612995568663e-05
lr-AdamW/pg1,599,3.388455661479384e-05
lr-AdamW/pg1,649,3.6712983273901045e-05
lr-AdamW/pg1,699,3.9541409933008254e-05
lr-AdamW/pg1,749,4.236983659211546e-05
lr-AdamW/pg1,799,4.519826688920148e-05
lr-AdamW/pg1,849,4.8026693548308685e-05
lr-AdamW/pg1,899,5.0855120207415894e-05
lr-AdamW/pg1,949,5.36835468665231e-05
lr-AdamW/pg1,999,5.651197352563031e-05
lr-AdamW/pg1,1049,5.934040018473752e-05
lr-AdamW/pg1,1099,6.216883048182353e-05
lr-AdamW/pg1,1149,6.499725714093074e-05
lr-AdamW/pg1,1199,6.782568380003795e-05
lr-AdamW/pg1,1249,7.065411045914516e-05
lr-AdamW/pg1,1299,7.348253711825237e-05
lr-AdamW/pg1,1349,7.631096377735958e-05
lr-AdamW/pg1,1399,7.913939043646678e-05
lr-AdamW/pg1,1449,8.196781709557399e-05
lr-AdamW/pg1,1499,8.47962437546812e-05
lr-AdamW/pg1,1549,8.762467041378841e-05
lr-AdamW/pg1,1599,9.045309707289562e-05
lr-AdamW/pg1,1649,9.328152373200282e-05
lr-AdamW/pg1,1699,9.610995039111003e-05
lr-AdamW/pg1,1749,9.893838432617486e-05
lr-AdamW/pg1,1799,0.00010176681098528206
lr-AdamW/pg1,1849,0.00010459523764438927
lr-AdamW/pg1,1899,0.00010742366430349648
lr-AdamW/pg1,1949,0.00011025209096260369
lr-AdamW/pg1,1999,0.0001130805176217109
lr-AdamW/pg1,2049,0.0001159089442808181
lr-AdamW/pg1,2099,0.00011873737093992531
lr-AdamW/pg1,2149,0.00012156579759903252
lr-AdamW/pg1,2199,0.00012439422425813973
lr-AdamW/pg1,2249,0.00012722265091724694
lr-AdamW/pg1,2299,0.00013005107757635415
lr-AdamW/pg1,2349,0.00013287950423546135
lr-AdamW/pg1,2399,0.00013570793089456856
lr-AdamW/pg1,2449,0.00013853635755367577
lr-AdamW/pg1,2499,0.00014136478421278298
lr-AdamW/pg1,2549,0.0001441932108718902
lr-AdamW/pg1,2599,0.0001470216375309974
lr-AdamW/pg1,2649,0.0001498500641901046
lr-AdamW/pg1,2699,0.0001526784908492118
lr-AdamW/pg1,2749,0.00015550691750831902
lr-AdamW/pg1,2799,0.00015833534416742623
lr-AdamW/pg1,2849,0.00016116377082653344
lr-AdamW/pg1,2899,0.00016399219748564065
lr-AdamW/pg1,2949,0.00016682063869666308
lr-AdamW/pg1,2999,0.0001696490653557703
lr-AdamW/pg1,3049,0.0001724774920148775
lr-AdamW/pg1,3099,0.0001753059186739847
lr-AdamW/pg1,3149,0.00017813434533309191
lr-AdamW/pg1,3199,0.00018096277199219912
lr-AdamW/pg1,3249,0.00018379119865130633
lr-AdamW/pg1,3299,0.00018661962531041354
lr-AdamW/pg1,3349,0.00018944805196952075
lr-AdamW/pg1,3399,0.00019227647862862796
lr-AdamW/pg1,3449,0.00019510490528773516
lr-AdamW/pg1,3499,0.00019793333194684237
lr-AdamW/pg1,3549,0.00020076175860594958
lr-AdamW/pg1,3599,0.0002035901852650568
lr-AdamW/pg1,3649,0.000206418611924164
lr-AdamW/pg1,3699,0.0002092470385832712
lr-AdamW/pg1,3749,0.00021207546524237841
lr-AdamW/pg1,3799,0.00021490389190148562
lr-AdamW/pg1,3849,0.00021773231856059283
lr-AdamW/pg1,3899,0.00022056074521970004
lr-AdamW/pg1,3949,0.00022338917187880725
lr-AdamW/pg1,3999,0.00022621759853791445
lr-AdamW/pg1,4049,0.00022904602519702166
lr-AdamW/pg1,4099,0.00023187445185612887
lr-AdamW/pg1,4149,0.00023470287851523608
lr-AdamW/pg1,4199,0.0002375313051743433
lr-AdamW/pg1,4249,0.0002403597318334505
lr-AdamW/pg1,4299,0.0002431881584925577
lr-AdamW/pg1,4349,0.00024601659970358014
lr-AdamW/pg1,4399,0.00024884502636268735
lr-AdamW/pg1,4449,0.00025167345302179456
lr-AdamW/pg1,4499,0.00025450187968090177
lr-AdamW/pg1,4549,0.000257330306340009
lr-AdamW/pg1,4599,0.0002601587329991162
lr-AdamW/pg1,4649,0.0002629871596582234
lr-AdamW/pg1,4699,0.0002658155863173306
lr-AdamW/pg1,4749,0.0002686440129764378
lr-AdamW/pg1,4799,0.000271472439635545
lr-AdamW/pg1,4849,0.0002743008662946522
lr-AdamW/pg1,4899,0.00027712929295375943
lr-AdamW/pg1,4949,0.00027995771961286664
lr-AdamW/pg1,4999,0.00028278614627197385
lr-AdamW/pg2,49,2.7718584760805243e-07
lr-AdamW/pg2,99,5.600285817308759e-07
lr-AdamW/pg2,149,8.428712590102805e-07
lr-AdamW/pg2,199,1.125713993133104e-06
lr-AdamW/pg2,249,1.4085567272559274e-06
lr-AdamW/pg2,299,1.6913994613787509e-06
lr-AdamW/pg2,349,1.9742421955015743e-06
lr-AdamW/pg2,399,2.25708481593756e-06
lr-AdamW/pg2,449,2.5399276637472212e-06
lr-AdamW/pg2,499,2.822770284183207e-06
lr-AdamW/pg2,549,3.1056129046191927e-06
lr-AdamW/pg2,599,3.388455752428854e-06
lr-AdamW/pg2,649,3.6712983728648396e-06
lr-AdamW/pg2,699,3.954140993300825e-06
lr-AdamW/pg2,749,4.2369838411104865e-06
lr-AdamW/pg2,799,4.519826688920148e-06
lr-AdamW/pg2,849,4.802669081982458e-06
lr-AdamW/pg2,899,5.085511929792119e-06
lr-AdamW/pg2,949,5.36835477760178e-06
lr-AdamW/pg2,999,5.651197170664091e-06
lr-AdamW/pg2,1049,5.934040018473752e-06
lr-AdamW/pg2,1099,6.216882866283413e-06
lr-AdamW/pg2,1149,6.499725714093074e-06
lr-AdamW/pg2,1199,6.7825681071553845e-06
lr-AdamW/pg2,1249,7.065410954965046e-06
lr-AdamW/pg2,1299,7.348253802774707e-06
lr-AdamW/pg2,1349,7.631096195837017e-06
lr-AdamW/pg2,1399,7.913939043646678e-06
lr-AdamW/pg2,1449,8.19678189145634e-06
lr-AdamW/pg2,1499,8.479624739266e-06
lr-AdamW/pg2,1549,8.762467587075662e-06
lr-AdamW/pg2,1599,9.045309525390621e-06
lr-AdamW/pg2,1649,9.328152373200282e-06
lr-AdamW/pg2,1699,9.610995221009944e-06
lr-AdamW/pg2,1749,9.893838068819605e-06
lr-AdamW/pg2,1799,1.0176680916629266e-05
lr-AdamW/pg2,1849,1.0459523764438927e-05
lr-AdamW/pg2,1899,1.0742366612248588e-05
lr-AdamW/pg2,1949,1.1025208550563548e-05
lr-AdamW/pg2,1999,1.1308051398373209e-05
lr-AdamW/pg2,2049,1.159089424618287e-05
lr-AdamW/pg2,2099,1.1873737093992531e-05
lr-AdamW/pg2,2149,1.2156579941802192e-05
lr-AdamW/pg2,2199,1.2439422789611854e-05
lr-AdamW/pg2,2249,1.2722265637421515e-05
lr-AdamW/pg2,2299,1.3005107575736474e-05
lr-AdamW/pg2,2349,1.3287950423546135e-05
lr-AdamW/pg2,2399,1.3570793271355797e-05
lr-AdamW/pg2,2449,1.3853636119165458e-05
lr-AdamW/pg2,2499,1.4136478966975119e-05
lr-AdamW/pg2,2549,1.441932181478478e-05
lr-AdamW/pg2,2599,1.470216375309974e-05
lr-AdamW/pg2,2649,1.49850066009094e-05
lr-AdamW/pg2,2699,1.5267849448719062e-05
lr-AdamW/pg2,2749,1.5550693206023425e-05
lr-AdamW/pg2,2799,1.5833535144338384e-05
lr-AdamW/pg2,2849,1.6116377082653344e-05
lr-AdamW/pg2,2899,1.6399220839957707e-05
lr-AdamW/pg2,2949,1.6682062778272666e-05
lr-AdamW/pg2,2999,1.696490653557703e-05
lr-AdamW/pg2,3049,1.724774847389199e-05
lr-AdamW/pg2,3099,1.7530590412206948e-05
lr-AdamW/pg2,3149,1.781343416951131e-05
lr-AdamW/pg2,3199,1.809627610782627e-05
lr-AdamW/pg2,3249,1.8379119865130633e-05
lr-AdamW/pg2,3299,1.8661961803445593e-05
lr-AdamW/pg2,3349,1.8944805560749955e-05
lr-AdamW/pg2,3399,1.9227647499064915e-05
lr-AdamW/pg2,3449,1.9510489437379874e-05
lr-AdamW/pg2,3499,1.9793333194684237e-05
lr-AdamW/pg2,3549,2.0076175132999197e-05
lr-AdamW/pg2,3599,2.035901889030356e-05
lr-AdamW/pg2,3649,2.064186082861852e-05
lr-AdamW/pg2,3699,2.0924704585922882e-05
lr-AdamW/pg2,3749,2.120754652423784e-05
lr-AdamW/pg2,3799,2.14903884625528e-05
lr-AdamW/pg2,3849,2.1773232219857164e-05
lr-AdamW/pg2,3899,2.2056074158172123e-05
lr-AdamW/pg2,3949,2.2338917915476486e-05
lr-AdamW/pg2,3999,2.2621759853791445e-05
lr-AdamW/pg2,4049,2.290460361109581e-05
lr-AdamW/pg2,4099,2.3187445549410768e-05
lr-AdamW/pg2,4149,2.3470287487725727e-05
lr-AdamW/pg2,4199,2.375313124503009e-05
lr-AdamW/pg2,4249,2.403597318334505e-05
lr-AdamW/pg2,4299,2.4318816940649413e-05
lr-AdamW/pg2,4349,2.4601658878964372e-05
lr-AdamW/pg2,4399,2.4884502636268735e-05
lr-AdamW/pg2,4449,2.5167344574583694e-05
lr-AdamW/pg2,4499,2.5450186512898654e-05
lr-AdamW/pg2,4549,2.5733030270203017e-05
lr-AdamW/pg2,4599,2.6015872208517976e-05
lr-AdamW/pg2,4649,2.629871596582234e-05
lr-AdamW/pg2,4699,2.65815579041373e-05
lr-AdamW/pg2,4749,2.686440166144166e-05
lr-AdamW/pg2,4799,2.714724359975662e-05
lr-AdamW/pg2,4849,2.743008553807158e-05
lr-AdamW/pg2,4899,2.7712929295375943e-05
lr-AdamW/pg2,4949,2.7995771233690903e-05
lr-AdamW/pg2,4999,2.8278614990995266e-05
train/mse,49,1.0443134307861328
train/mse,99,0.9215230941772461
train/mse,149,0.845191240310669
train/mse,199,0.8267749547958374
train/mse,249,0.8167533874511719
train/mse,299,0.8063080310821533
train/mse,349,0.7586429119110107
train/mse,399,0.7510974407196045
train/mse,449,0.738795280456543
train/mse,499,0.7235130667686462
train/mse,549,0.7242228388786316
train/mse,599,0.715277373790741
train/mse,649,0.6996204257011414
train/mse,699,0.665221095085144
train/mse,749,0.6621060371398926
train/mse,799,0.6630478501319885
train/mse,849,0.6633750200271606
train/mse,899,0.6374914646148682
train/mse,949,0.6477935910224915
train/mse,999,0.6436683535575867
train/mse,1049,0.6350659132003784
train/mse,1099,0.6233605742454529
train/mse,1149,0.6289546489715576
train/mse,1199,0.6324111223220825
train/mse,1249,0.6150250434875488
train/mse,1299,0.6059030294418335
train/mse,1349,0.6013220548629761
train/mse,1399,0.5973455905914307
train/mse,1449,0.5920761823654175
train/mse,1499,0.6039391756057739
train/mse,1549,0.5946221351623535
train/mse,1599,0.587306559085846
train/mse,1649,0.5844757556915283
train/mse,1699,0.5818262696266174
train/mse,1749,0.5741370916366577
train/mse,1799,0.5725824236869812
train/mse,1849,0.5673509240150452
train/mse,1899,0.5698325037956238
train/mse,1949,0.5802416801452637
train/mse,1999,0.5670398473739624
train/mse,2049,0.5619317889213562
train/mse,2099,0.5582705140113831
train/mse,2149,0.5553795099258423
train/mse,2199,0.5569829940795898
train/mse,2249,0.5580584406852722
train/mse,2299,0.5628900527954102
train/mse,2349,0.543458878993988
train/mse,2399,0.5532219409942627
train/mse,2449,0.5574171543121338
train/mse,2499,0.5435782670974731
train/mse,2549,0.5385804176330566
train/mse,2599,0.5375975370407104
train/mse,2649,0.5284469127655029
train/mse,2699,0.5336071252822876
train/mse,2749,0.5444597601890564
train/mse,2799,0.5420047044754028
train/mse,2849,0.5228524208068848
train/mse,2899,0.5439188480377197
train/mse,2949,0.5373271703720093
train/mse,2999,0.5333777666091919
train/mse,3049,0.5293600559234619
train/mse,3099,0.5273144245147705
train/mse,3149,0.5206915140151978
train/mse,3199,0.518357515335083
train/mse,3249,0.52342289686203
train/mse,3299,0.5160900354385376
train/mse,3349,0.5143101811408997
train/mse,3399,0.5228788256645203
train/mse,3449,0.5151769518852234
train/mse,3499,0.5186523795127869
train/mse,3549,0.5227631330490112
train/mse,3599,0.5153895020484924
train/mse,3649,0.5194571614265442
train/mse,3699,0.5204167366027832
train/mse,3749,0.49830830097198486
train/mse,3799,0.49750202894210815
train/mse,3849,0.5067239999771118
train/mse,3899,0.5017545223236084
train/mse,3949,0.5070917010307312
train/mse,3999,0.5056078433990479
train/mse,4049,0.506919801235199
train/mse,4099,0.5011813044548035
train/mse,4149,0.500203013420105
train/mse,4199,0.49843430519104004
train/mse,4249,0.49692225456237793
train/mse,4299,0.48357316851615906
train/mse,4349,0.507445216178894
train/mse,4399,0.4955086410045624
train/mse,4449,0.49716731905937195
train/mse,4499,0.49819517135620117
train/mse,4549,0.4996611475944519
train/mse,4599,0.5006521940231323
train/mse,4649,0.48760175704956055
train/mse,4699,0.4753231704235077
train/mse,4749,0.4975094199180603
train/mse,4799,0.48619601130485535
train/mse,4849,0.47454941272735596
train/mse,4899,0.47012829780578613
train/mse,4949,0.48061710596084595
train/mse,4999,0.48097917437553406
train/contrastive_loss_lang,49,1.357571005821228
train/contrastive_loss_lang,99,1.3588250875473022
train/contrastive_loss_lang,149,1.3571933507919312
train/contrastive_loss_lang,199,1.35508131980896
train/contrastive_loss_lang,249,1.354251503944397
train/contrastive_loss_lang,299,1.352585792541504
train/contrastive_loss_lang,349,1.353395938873291
train/contrastive_loss_lang,399,1.347411036491394
train/contrastive_loss_lang,449,1.34309720993042
train/contrastive_loss_lang,499,1.3253929615020752
train/contrastive_loss_lang,549,1.3104288578033447
train/contrastive_loss_lang,599,1.2850406169891357
train/contrastive_loss_lang,649,1.245489478111267
train/contrastive_loss_lang,699,1.2055246829986572
train/contrastive_loss_lang,749,1.1566325426101685
train/contrastive_loss_lang,799,1.0797977447509766
train/contrastive_loss_lang,849,0.9994077682495117
train/contrastive_loss_lang,899,0.964238166809082
train/contrastive_loss_lang,949,0.9423145651817322
train/contrastive_loss_lang,999,0.898412823677063
train/contrastive_loss_lang,1049,0.8774609565734863
train/contrastive_loss_lang,1099,0.8525941967964172
train/contrastive_loss_lang,1149,0.8173362612724304
train/contrastive_loss_lang,1199,0.8094627261161804
train/contrastive_loss_lang,1249,0.7782126665115356
train/contrastive_loss_lang,1299,0.768574059009552
train/contrastive_loss_lang,1349,0.7515028119087219
train/contrastive_loss_lang,1399,0.7407137155532837
train/contrastive_loss_lang,1449,0.7237327098846436
train/contrastive_loss_lang,1499,0.7189282178878784
train/contrastive_loss_lang,1549,0.7003586888313293
train/contrastive_loss_lang,1599,0.6914721131324768
train/contrastive_loss_lang,1649,0.6764954924583435
train/contrastive_loss_lang,1699,0.6749845147132874
train/contrastive_loss_lang,1749,0.6638118624687195
train/contrastive_loss_lang,1799,0.6504842042922974
train/contrastive_loss_lang,1849,0.6757343411445618
train/contrastive_loss_lang,1899,0.6213540434837341
train/contrastive_loss_lang,1949,0.6330323219299316
train/contrastive_loss_lang,1999,0.6315481066703796
train/contrastive_loss_lang,2049,0.6112514734268188
train/contrastive_loss_lang,2099,0.6149619817733765
train/contrastive_loss_lang,2149,0.6349961161613464
train/contrastive_loss_lang,2199,0.5949434041976929
train/contrastive_loss_lang,2249,0.5771295428276062
train/contrastive_loss_lang,2299,0.5786643028259277
train/contrastive_loss_lang,2349,0.5810974836349487
train/contrastive_loss_lang,2399,0.572950541973114
train/contrastive_loss_lang,2449,0.5657739639282227
train/contrastive_loss_lang,2499,0.5605478882789612
train/contrastive_loss_lang,2549,0.5662106871604919
train/contrastive_loss_lang,2599,0.5328161120414734
train/contrastive_loss_lang,2649,0.5357937812805176
train/contrastive_loss_lang,2699,0.5476754307746887
train/contrastive_loss_lang,2749,0.5403526425361633
train/contrastive_loss_lang,2799,0.5342195630073547
train/contrastive_loss_lang,2849,0.522713840007782
train/contrastive_loss_lang,2899,0.5120843648910522
train/contrastive_loss_lang,2949,0.512121319770813
train/contrastive_loss_lang,2999,0.49447187781333923
train/contrastive_loss_lang,3049,0.49008646607398987
train/contrastive_loss_lang,3099,0.5007051825523376
train/contrastive_loss_lang,3149,0.4983191192150116
train/contrastive_loss_lang,3199,0.5105736255645752
train/contrastive_loss_lang,3249,0.5018207430839539
train/contrastive_loss_lang,3299,0.4928525984287262
train/contrastive_loss_lang,3349,0.47490355372428894
train/contrastive_loss_lang,3399,0.4876645505428314
train/contrastive_loss_lang,3449,0.4714435040950775
train/contrastive_loss_lang,3499,0.4615646302700043
train/contrastive_loss_lang,3549,0.4845707416534424
train/contrastive_loss_lang,3599,0.46076950430870056
train/contrastive_loss_lang,3649,0.47304287552833557
train/contrastive_loss_lang,3699,0.4848061501979828
train/contrastive_loss_lang,3749,0.45512205362319946
train/contrastive_loss_lang,3799,0.46362778544425964
train/contrastive_loss_lang,3849,0.4549013674259186
train/contrastive_loss_lang,3899,0.4628818929195404
train/contrastive_loss_lang,3949,0.4407660663127899
train/contrastive_loss_lang,3999,0.444716215133667
train/contrastive_loss_lang,4049,0.4920702576637268
train/contrastive_loss_lang,4099,0.44560423493385315
train/contrastive_loss_lang,4149,0.4647887349128723
train/contrastive_loss_lang,4199,0.43827396631240845
train/contrastive_loss_lang,4249,0.4337061941623688
train/contrastive_loss_lang,4299,0.43828487396240234
train/contrastive_loss_lang,4349,0.4361824095249176
train/contrastive_loss_lang,4399,0.4365135729312897
train/contrastive_loss_lang,4449,0.4159823954105377
train/contrastive_loss_lang,4499,0.41545769572257996
train/contrastive_loss_lang,4549,0.43582096695899963
train/contrastive_loss_lang,4599,0.41400155425071716
train/contrastive_loss_lang,4649,0.4140382707118988
train/contrastive_loss_lang,4699,0.4141857624053955
train/contrastive_loss_lang,4749,0.4183468520641327
train/contrastive_loss_lang,4799,0.4044952392578125
train/contrastive_loss_lang,4849,0.41135141253471375
train/contrastive_loss_lang,4899,0.4247395694255829
train/contrastive_loss_lang,4949,0.4018954932689667
train/contrastive_loss_lang,4999,0.4070456624031067
train/contrastive_loss_point,49,1.3606230020523071
train/contrastive_loss_point,99,1.3585143089294434
train/contrastive_loss_point,149,1.3575772047042847
train/contrastive_loss_point,199,1.3562387228012085
train/contrastive_loss_point,249,1.3557554483413696
train/contrastive_loss_point,299,1.3548835515975952
train/contrastive_loss_point,349,1.3509674072265625
train/contrastive_loss_point,399,1.3343255519866943
train/contrastive_loss_point,449,1.313000202178955
train/contrastive_loss_point,499,1.3054083585739136
train/contrastive_loss_point,549,1.312875509262085
train/contrastive_loss_point,599,1.2987210750579834
train/contrastive_loss_point,649,1.2958260774612427
train/contrastive_loss_point,699,1.2831835746765137
train/contrastive_loss_point,749,1.2878236770629883
train/contrastive_loss_point,799,1.2869971990585327
train/contrastive_loss_point,849,1.295352578163147
train/contrastive_loss_point,899,1.2889420986175537
train/contrastive_loss_point,949,1.2908909320831299
train/contrastive_loss_point,999,1.3032270669937134
train/contrastive_loss_point,1049,1.2858973741531372
train/contrastive_loss_point,1099,1.284758448600769
train/contrastive_loss_point,1149,1.279640793800354
train/contrastive_loss_point,1199,1.2881754636764526
train/contrastive_loss_point,1249,1.2821316719055176
train/contrastive_loss_point,1299,1.2810900211334229
train/contrastive_loss_point,1349,1.2769677639007568
train/contrastive_loss_point,1399,1.2768646478652954
train/contrastive_loss_point,1449,1.2733485698699951
train/contrastive_loss_point,1499,1.2736032009124756
train/contrastive_loss_point,1549,1.2740517854690552
train/contrastive_loss_point,1599,1.266284465789795
train/contrastive_loss_point,1649,1.2640208005905151
train/contrastive_loss_point,1699,1.270351529121399
train/contrastive_loss_point,1749,1.2538708448410034
train/contrastive_loss_point,1799,1.2534385919570923
train/contrastive_loss_point,1849,1.2624605894088745
train/contrastive_loss_point,1899,1.246066689491272
train/contrastive_loss_point,1949,1.2598950862884521
train/contrastive_loss_point,1999,1.2462999820709229
train/contrastive_loss_point,2049,1.248828649520874
train/contrastive_loss_point,2099,1.2449886798858643
train/contrastive_loss_point,2149,1.2473467588424683
train/contrastive_loss_point,2199,1.2434723377227783
train/contrastive_loss_point,2249,1.2361458539962769
train/contrastive_loss_point,2299,1.2446871995925903
train/contrastive_loss_point,2349,1.2289526462554932
train/contrastive_loss_point,2399,1.2439512014389038
train/contrastive_loss_point,2449,1.2342618703842163
train/contrastive_loss_point,2499,1.2124505043029785
train/contrastive_loss_point,2549,1.2141987085342407
train/contrastive_loss_point,2599,1.2152119874954224
train/contrastive_loss_point,2649,1.212835669517517
train/contrastive_loss_point,2699,1.1935218572616577
train/contrastive_loss_point,2749,1.2205744981765747
train/contrastive_loss_point,2799,1.2129261493682861
train/contrastive_loss_point,2849,1.1819896697998047
train/contrastive_loss_point,2899,1.2038646936416626
train/contrastive_loss_point,2949,1.1994940042495728
train/contrastive_loss_point,2999,1.2002185583114624
train/contrastive_loss_point,3049,1.1962852478027344
train/contrastive_loss_point,3099,1.182989478111267
train/contrastive_loss_point,3149,1.1817679405212402
train/contrastive_loss_point,3199,1.1892220973968506
train/contrastive_loss_point,3249,1.1827470064163208
train/contrastive_loss_point,3299,1.1819831132888794
train/contrastive_loss_point,3349,1.1700116395950317
train/contrastive_loss_point,3399,1.1825155019760132
train/contrastive_loss_point,3449,1.170357584953308
train/contrastive_loss_point,3499,1.1620166301727295
train/contrastive_loss_point,3549,1.175559401512146
train/contrastive_loss_point,3599,1.1650046110153198
train/contrastive_loss_point,3649,1.1619255542755127
train/contrastive_loss_point,3699,1.1617623567581177
train/contrastive_loss_point,3749,1.14883291721344
train/contrastive_loss_point,3799,1.1549893617630005
train/contrastive_loss_point,3849,1.1483486890792847
train/contrastive_loss_point,3899,1.1553878784179688
train/contrastive_loss_point,3949,1.146980881690979
train/contrastive_loss_point,3999,1.1445735692977905
train/contrastive_loss_point,4049,1.1458686590194702
train/contrastive_loss_point,4099,1.1402850151062012
train/contrastive_loss_point,4149,1.1347368955612183
train/contrastive_loss_point,4199,1.1351295709609985
train/contrastive_loss_point,4249,1.1377861499786377
train/contrastive_loss_point,4299,1.1166667938232422
train/contrastive_loss_point,4349,1.131077527999878
train/contrastive_loss_point,4399,1.1257495880126953
train/contrastive_loss_point,4449,1.1219065189361572
train/contrastive_loss_point,4499,1.121163249015808
train/contrastive_loss_point,4549,1.1245505809783936
train/contrastive_loss_point,4599,1.116298794746399
train/contrastive_loss_point,4649,1.1300939321517944
train/contrastive_loss_point,4699,1.1066275835037231
train/contrastive_loss_point,4749,1.1349446773529053
train/contrastive_loss_point,4799,1.1029576063156128
train/contrastive_loss_point,4849,1.0963664054870605
train/contrastive_loss_point,4899,1.0971715450286865
train/contrastive_loss_point,4949,1.113459587097168
train/contrastive_loss_point,4999,1.0984697341918945
train/loss_total,49,3.762507438659668
train/loss_total,99,3.6388626098632812
train/loss_total,149,3.5599617958068848
train/loss_total,199,3.538094997406006
train/loss_total,249,3.5267601013183594
train/loss_total,299,3.513777256011963
train/loss_total,349,3.4630062580108643
train/loss_total,399,3.4328341484069824
train/loss_total,449,3.394892692565918
train/loss_total,499,3.3543143272399902
train/loss_total,549,3.347527265548706
train/loss_total,599,3.299039125442505
train/loss_total,649,3.240935802459717
train/loss_total,699,3.1539292335510254
train/loss_total,749,3.1065621376037598
train/loss_total,799,3.0298428535461426
train/loss_total,849,2.9581353664398193
train/loss_total,899,2.890671730041504
train/loss_total,949,2.8809990882873535
train/loss_total,999,2.845308303833008
train/loss_total,1049,2.798424243927002
train/loss_total,1099,2.7607131004333496
train/loss_total,1149,2.7259316444396973
train/loss_total,1199,2.7300493717193604
train/loss_total,1249,2.6753692626953125
train/loss_total,1299,2.655567169189453
train/loss_total,1349,2.6297926902770996
train/loss_total,1399,2.6149239540100098
train/loss_total,1449,2.5891575813293457
train/loss_total,1499,2.596470594406128
train/loss_total,1549,2.569032669067383
train/loss_total,1599,2.545063018798828
train/loss_total,1649,2.524991989135742
train/loss_total,1699,2.5271623134613037
train/loss_total,1749,2.4918198585510254
train/loss_total,1799,2.4765052795410156
train/loss_total,1849,2.5055458545684814
train/loss_total,1899,2.43725323677063
train/loss_total,1949,2.4731690883636475
train/loss_total,1999,2.44488787651062
train/loss_total,2049,2.4220118522644043
train/loss_total,2099,2.4182209968566895
train/loss_total,2149,2.4377224445343018
train/loss_total,2199,2.3953986167907715
train/loss_total,2249,2.3713338375091553
train/loss_total,2299,2.3862414360046387
train/loss_total,2349,2.353508949279785
train/loss_total,2399,2.3701236248016357
train/loss_total,2449,2.357452869415283
train/loss_total,2499,2.3165767192840576
train/loss_total,2549,2.3189897537231445
train/loss_total,2599,2.285625696182251
train/loss_total,2649,2.277076244354248
train/loss_total,2699,2.2748043537139893
train/loss_total,2749,2.305386781692505
train/loss_total,2799,2.2891504764556885
train/loss_total,2849,2.227555990219116
train/loss_total,2899,2.2598679065704346
train/loss_total,2949,2.2489423751831055
train/loss_total,2999,2.2280681133270264
train/loss_total,3049,2.2157318592071533
train/loss_total,3099,2.2110090255737305
train/loss_total,3149,2.2007784843444824
train/loss_total,3199,2.218153238296509
train/loss_total,3249,2.2079906463623047
train/loss_total,3299,2.1909258365631104
train/loss_total,3349,2.1592254638671875
train/loss_total,3399,2.193058729171753
train/loss_total,3449,2.156977891921997
train/loss_total,3499,2.1422336101531982
train/loss_total,3549,2.1828932762145996
train/loss_total,3599,2.1411635875701904
train/loss_total,3649,2.154425621032715
train/loss_total,3699,2.166985273361206
train/loss_total,3749,2.1022632122039795
train/loss_total,3799,2.116119146347046
train/loss_total,3849,2.1099741458892822
train/loss_total,3899,2.1200242042541504
train/loss_total,3949,2.0948386192321777
train/loss_total,3999,2.094897747039795
train/loss_total,4049,2.1448585987091064
train/loss_total,4099,2.0870707035064697
train/loss_total,4149,2.099728584289551
train/loss_total,4199,2.071837902069092
train/loss_total,4249,2.0684146881103516
train/loss_total,4299,2.038524866104126
train/loss_total,4349,2.074705123901367
train/loss_total,4399,2.057771921157837
train/loss_total,4449,2.0350563526153564
train/loss_total,4499,2.034816026687622
train/loss_total,4549,2.060032844543457
train/loss_total,4599,2.0309524536132812
train/loss_total,4649,2.031733989715576
train/loss_total,4699,1.9961365461349487
train/loss_total,4749,2.0508010387420654
train/loss_total,4799,1.993648886680603
train/loss_total,4849,1.9822672605514526
train/loss_total,4899,1.992039442062378
train/loss_total,4949,1.9959721565246582
train/loss_total,4999,1.986494541168213
train/acc_sc,49,0.14385150372982025
train/acc_sc,99,0.1460280418395996
train/acc_sc,149,0.14519906044006348
train/acc_sc,199,0.14167650043964386
train/acc_sc,249,0.1459074765443802
train/acc_sc,299,0.1414027214050293
train/acc_sc,349,0.1407151073217392
train/acc_sc,399,0.1520737260580063
train/acc_sc,449,0.16512702405452728
train/acc_sc,499,0.18448883295059204
train/acc_sc,549,0.2101033329963684
train/acc_sc,599,0.23986095190048218
train/acc_sc,649,0.2523041367530823
train/acc_sc,699,0.2759022116661072
train/acc_sc,749,0.28213879466056824
train/acc_sc,799,0.3364705741405487
train/acc_sc,849,0.4340277910232544
train/acc_sc,899,0.4697674512863159
train/acc_sc,949,0.5062857270240784
train/acc_sc,999,0.5961098670959473
train/acc_sc,1049,0.5561926364898682
train/acc_sc,1099,0.6306098699569702
train/acc_sc,1149,0.5892448425292969
train/acc_sc,1199,0.6540664434432983
train/acc_sc,1249,0.6879350543022156
train/acc_sc,1299,0.6904761791229248
train/acc_sc,1349,0.7123287916183472
train/acc_sc,1399,0.7352941036224365
train/acc_sc,1449,0.7219626307487488
train/acc_sc,1499,0.7416378259658813
train/acc_sc,1549,0.7447795867919922
train/acc_sc,1599,0.7696693539619446
train/acc_sc,1649,0.7625145316123962
train/acc_sc,1699,0.7442396283149719
train/acc_sc,1749,0.788049578666687
train/acc_sc,1799,0.790080726146698
train/acc_sc,1849,0.8398169279098511
train/acc_sc,1899,0.8038548827171326
train/acc_sc,1949,0.8253424763679504
train/acc_sc,1999,0.7419354915618896
train/acc_sc,2049,0.8329492807388306
train/acc_sc,2099,0.8240000009536743
train/acc_sc,2149,0.8034482598304749
train/acc_sc,2199,0.8316383957862854
train/acc_sc,2249,0.8084862232208252
train/acc_sc,2299,0.83600914478302
train/acc_sc,2349,0.8489702343940735
train/acc_sc,2399,0.8311840295791626
train/acc_sc,2449,0.8510392904281616
train/acc_sc,2499,0.8268089890480042
train/acc_sc,2549,0.8617143034934998
train/acc_sc,2599,0.8386727571487427
train/acc_sc,2649,0.8354430198669434
train/acc_sc,2699,0.8096356987953186
train/acc_sc,2749,0.8455284833908081
train/acc_sc,2799,0.8696158528327942
train/acc_sc,2849,0.8174511790275574
train/acc_sc,2899,0.8533487319946289
train/acc_sc,2949,0.8920780420303345
train/acc_sc,2999,0.8677309155464172
train/acc_sc,3049,0.8858131766319275
train/acc_sc,3099,0.8602029085159302
train/acc_sc,3149,0.8684210777282715
train/acc_sc,3199,0.88228440284729
train/acc_sc,3249,0.8615560531616211
train/acc_sc,3299,0.8501741886138916
train/acc_sc,3349,0.8626309633255005
train/acc_sc,3399,0.8808705806732178
train/acc_sc,3449,0.8622273206710815
train/acc_sc,3499,0.8512585759162903
train/acc_sc,3549,0.8630610108375549
train/acc_sc,3599,0.8672769069671631
train/acc_sc,3649,0.8998849391937256
train/acc_sc,3699,0.860744297504425
train/acc_sc,3749,0.902186393737793
train/acc_sc,3799,0.8659090995788574
train/acc_sc,3849,0.8587830066680908
train/acc_sc,3899,0.8790322542190552
train/acc_sc,3949,0.892816424369812
train/acc_sc,3999,0.888127863407135
train/acc_sc,4049,0.8536866307258606
train/acc_sc,4099,0.8506417870521545
train/acc_sc,4149,0.8810623288154602
train/acc_sc,4199,0.8790697455406189
train/acc_sc,4249,0.8967083096504211
train/acc_sc,4299,0.9221968054771423
train/acc_sc,4349,0.9016018509864807
train/acc_sc,4399,0.8600682616233826
train/acc_sc,4449,0.9187642931938171
train/acc_sc,4499,0.8656036257743835
train/acc_sc,4549,0.8573059439659119
train/acc_sc,4599,0.8728717565536499
train/acc_sc,4649,0.9055745005607605
train/acc_sc,4699,0.8742791414260864
train/acc_sc,4749,0.8969907164573669
train/acc_sc,4799,0.865450382232666
train/acc_sc,4849,0.8912280797958374
train/acc_sc,4899,0.8848837018013
train/acc_sc,4949,0.8741176724433899
train/acc_sc,4999,0.8712297081947327
train/acc_cs,49,0.13921113312244415
train/acc_cs,99,0.14018692076206207
train/acc_cs,149,0.14754098653793335
train/acc_cs,199,0.14167650043964386
train/acc_cs,249,0.1506524384021759
train/acc_cs,299,0.14253394305706024
train/acc_cs,349,0.1499423235654831
train/acc_cs,399,0.15322580933570862
train/acc_cs,449,0.1501154750585556
train/acc_cs,499,0.16451233625411987
train/acc_cs,549,0.21125143766403198
train/acc_cs,599,0.24333719909191132
train/acc_cs,649,0.26728111505508423
train/acc_cs,699,0.33178114891052246
train/acc_cs,749,0.3697383403778076
train/acc_cs,799,0.41411763429641724
train/acc_cs,849,0.48495370149612427
train/acc_cs,899,0.550000011920929
train/acc_cs,949,0.6171428561210632
train/acc_cs,999,0.6372997760772705
train/acc_cs,1049,0.6651375889778137
train/acc_cs,1099,0.7065592408180237
train/acc_cs,1149,0.6533181071281433
train/acc_cs,1199,0.7227949500083923
train/acc_cs,1249,0.781902551651001
train/acc_cs,1299,0.7562358379364014
train/acc_cs,1349,0.7751141786575317
train/acc_cs,1399,0.7823529243469238
train/acc_cs,1449,0.7733644843101501
train/acc_cs,1499,0.7970011830329895
train/acc_cs,1549,0.7749419808387756
train/acc_cs,1599,0.8095781207084656
train/acc_cs,1649,0.8020954728126526
train/acc_cs,1699,0.7834101319313049
train/acc_cs,1749,0.7891770005226135
train/acc_cs,1799,0.8177623748779297
train/acc_cs,1849,0.8787185549736023
train/acc_cs,1899,0.819727897644043
train/acc_cs,1949,0.8470319509506226
train/acc_cs,1999,0.7753456234931946
train/acc_cs,2049,0.8410138487815857
train/acc_cs,2099,0.8571428656578064
train/acc_cs,2149,0.817241370677948
train/acc_cs,2199,0.8598870038986206
train/acc_cs,2249,0.8188073635101318
train/acc_cs,2299,0.8681192398071289
train/acc_cs,2349,0.8638443946838379
train/acc_cs,2399,0.8487690687179565
train/acc_cs,2449,0.8648960590362549
train/acc_cs,2499,0.8517200350761414
train/acc_cs,2549,0.868571400642395
train/acc_cs,2599,0.8329519629478455
train/acc_cs,2649,0.8515534996986389
train/acc_cs,2699,0.8307873010635376
train/acc_cs,2749,0.8513356447219849
train/acc_cs,2799,0.8800931572914124
train/acc_cs,2849,0.8300803899765015
train/acc_cs,2899,0.8568129539489746
train/acc_cs,2949,0.8897818326950073
train/acc_cs,2999,0.865450382232666
train/acc_cs,3049,0.8927335739135742
train/acc_cs,3099,0.8568207621574402
train/acc_cs,3149,0.8787185549736023
train/acc_cs,3199,0.8846153616905212
train/acc_cs,3249,0.8649885654449463
train/acc_cs,3299,0.8432055711746216
train/acc_cs,3349,0.8556460738182068
train/acc_cs,3399,0.8659793734550476
train/acc_cs,3449,0.8622273206710815
train/acc_cs,3499,0.8569794297218323
train/acc_cs,3549,0.8596087694168091
train/acc_cs,3599,0.8695651888847351
train/acc_cs,3649,0.8975834250450134
train/acc_cs,3699,0.860744297504425
train/acc_cs,3749,0.8872267007827759
train/acc_cs,3799,0.8670454621315002
train/acc_cs,3849,0.8564867973327637
train/acc_cs,3899,0.8778801560401917
train/acc_cs,3949,0.8882554173469543
train/acc_cs,3999,0.8801369667053223
train/acc_cs,4049,0.8502303957939148
train/acc_cs,4099,0.845974326133728
train/acc_cs,4149,0.8718245029449463
train/acc_cs,4199,0.8744186162948608
train/acc_cs,4249,0.8933030366897583
train/acc_cs,4299,0.9153317809104919
train/acc_cs,4349,0.8993135094642639
train/acc_cs,4399,0.8509669899940491
train/acc_cs,4449,0.9210526347160339
train/acc_cs,4499,0.8621867895126343
train/acc_cs,4549,0.853881299495697
train/acc_cs,4599,0.866061270236969
train/acc_cs,4649,0.9010238647460938
train/acc_cs,4699,0.8742791414260864
train/acc_cs,4749,0.8958333134651184
train/acc_cs,4799,0.8586089015007019
train/acc_cs,4849,0.8900584578514099
train/acc_cs,4899,0.8825581669807434
train/acc_cs,4949,0.8717647194862366
train/acc_cs,4999,0.8735498785972595
train/acc_avg,49,0.1415313184261322
train/acc_avg,99,0.14310747385025024
train/acc_avg,149,0.1463700234889984
train/acc_avg,199,0.14167650043964386
train/acc_avg,249,0.14827995002269745
train/acc_avg,299,0.14196832478046417
train/acc_avg,349,0.14532871544361115
train/acc_avg,399,0.15264977514743805
train/acc_avg,449,0.15762124955654144
train/acc_avg,499,0.17450058460235596
train/acc_avg,549,0.2106773853302002
train/acc_avg,599,0.24159906804561615
train/acc_avg,649,0.25979262590408325
train/acc_avg,699,0.3038416802883148
train/acc_avg,749,0.32593855261802673
train/acc_avg,799,0.37529411911964417
train/acc_avg,849,0.45949074625968933
train/acc_avg,899,0.5098837018013
train/acc_avg,949,0.5617142915725708
train/acc_avg,999,0.6167048215866089
train/acc_avg,1049,0.6106651425361633
train/acc_avg,1099,0.6685845851898193
train/acc_avg,1149,0.6212814450263977
train/acc_avg,1199,0.6884307265281677
train/acc_avg,1249,0.7349187731742859
train/acc_avg,1299,0.7233560085296631
train/acc_avg,1349,0.7437214851379395
train/acc_avg,1399,0.7588235139846802
train/acc_avg,1449,0.7476635575294495
train/acc_avg,1499,0.769319474697113
train/acc_avg,1549,0.7598608136177063
train/acc_avg,1599,0.7896237373352051
train/acc_avg,1649,0.7823050022125244
train/acc_avg,1699,0.7638248801231384
train/acc_avg,1749,0.7886133193969727
train/acc_avg,1799,0.8039215803146362
train/acc_avg,1849,0.8592677116394043
train/acc_avg,1899,0.8117913603782654
train/acc_avg,1949,0.8361872434616089
train/acc_avg,1999,0.7586405277252197
train/acc_avg,2049,0.8369815945625305
train/acc_avg,2099,0.840571403503418
train/acc_avg,2149,0.8103448152542114
train/acc_avg,2199,0.8457627296447754
train/acc_avg,2249,0.8136467933654785
train/acc_avg,2299,0.8520641922950745
train/acc_avg,2349,0.8564073443412781
train/acc_avg,2399,0.8399765491485596
train/acc_avg,2449,0.8579676747322083
train/acc_avg,2499,0.8392645120620728
train/acc_avg,2549,0.8651428818702698
train/acc_avg,2599,0.8358123302459717
train/acc_avg,2649,0.8434982895851135
train/acc_avg,2699,0.8202115297317505
train/acc_avg,2749,0.8484320640563965
train/acc_avg,2799,0.8748545050621033
train/acc_avg,2849,0.8237658143043518
train/acc_avg,2899,0.8550808429718018
train/acc_avg,2949,0.8909299373626709
train/acc_avg,2999,0.866590678691864
train/acc_avg,3049,0.8892733454704285
train/acc_avg,3099,0.8585118651390076
train/acc_avg,3149,0.8735697865486145
train/acc_avg,3199,0.883449912071228
train/acc_avg,3249,0.8632723093032837
train/acc_avg,3299,0.8466898798942566
train/acc_avg,3349,0.859138548374176
train/acc_avg,3399,0.8734249472618103
train/acc_avg,3449,0.8622273206710815
train/acc_avg,3499,0.8541190028190613
train/acc_avg,3549,0.8613348603248596
train/acc_avg,3599,0.8684210777282715
train/acc_avg,3649,0.8987341523170471
train/acc_avg,3699,0.860744297504425
train/acc_avg,3749,0.8947065472602844
train/acc_avg,3799,0.8664772510528564
train/acc_avg,3849,0.8576349020004272
train/acc_avg,3899,0.8784562349319458
train/acc_avg,3949,0.8905358910560608
train/acc_avg,3999,0.884132444858551
train/acc_avg,4049,0.8519585132598877
train/acc_avg,4099,0.8483080267906189
train/acc_avg,4149,0.8764434456825256
train/acc_avg,4199,0.8767442107200623
train/acc_avg,4249,0.8950057029724121
train/acc_avg,4299,0.9187642931938171
train/acc_avg,4349,0.9004576802253723
train/acc_avg,4399,0.8555176258087158
train/acc_avg,4449,0.9199084639549255
train/acc_avg,4499,0.8638952374458313
train/acc_avg,4549,0.8555936217308044
train/acc_avg,4599,0.8694665431976318
train/acc_avg,4649,0.9032992124557495
train/acc_avg,4699,0.8742791414260864
train/acc_avg,4749,0.8964120149612427
train/acc_avg,4799,0.8620296716690063
train/acc_avg,4849,0.890643298625946
train/acc_avg,4899,0.8837209343910217
train/acc_avg,4949,0.8729411959648132
train/acc_avg,4999,0.8723897933959961
epoch,49,0.0
epoch,99,0.0
epoch,149,0.0
epoch,199,0.0
epoch,249,0.0
epoch,299,0.0
epoch,349,0.0
epoch,399,0.0
epoch,449,0.0
epoch,499,0.0
epoch,499,0.0
epoch,549,0.0
epoch,599,0.0
epoch,649,0.0
epoch,699,0.0
epoch,749,0.0
epoch,799,0.0
epoch,849,0.0
epoch,899,0.0
epoch,949,0.0
epoch,999,0.0
epoch,999,0.0
epoch,1049,0.0
epoch,1099,0.0
epoch,1149,0.0
epoch,1199,0.0
epoch,1249,0.0
epoch,1299,0.0
epoch,1349,0.0
epoch,1399,0.0
epoch,1449,0.0
epoch,1499,0.0
epoch,1499,0.0
epoch,1549,0.0
epoch,1599,0.0
epoch,1649,0.0
epoch,1699,0.0
epoch,1749,0.0
epoch,1799,0.0
epoch,1849,0.0
epoch,1899,0.0
epoch,1949,0.0
epoch,1999,0.0
epoch,1999,0.0
epoch,2049,0.0
epoch,2099,0.0
epoch,2149,0.0
epoch,2199,0.0
epoch,2249,0.0
epoch,2299,0.0
epoch,2349,0.0
epoch,2399,0.0
epoch,2449,0.0
epoch,2499,0.0
epoch,2499,0.0
epoch,2549,0.0
epoch,2599,0.0
epoch,2649,0.0
epoch,2699,0.0
epoch,2749,0.0
epoch,2799,0.0
epoch,2849,0.0
epoch,2899,0.0
epoch,2949,0.0
epoch,2999,0.0
epoch,2999,0.0
epoch,3049,0.0
epoch,3099,0.0
epoch,3149,0.0
epoch,3199,0.0
epoch,3249,0.0
epoch,3299,0.0
epoch,3349,0.0
epoch,3399,0.0
epoch,3449,0.0
epoch,3499,0.0
epoch,3499,0.0
epoch,3549,0.0
epoch,3599,0.0
epoch,3649,0.0
epoch,3699,0.0
epoch,3749,0.0
epoch,3799,0.0
epoch,3849,0.0
epoch,3899,0.0
epoch,3949,0.0
epoch,3999,0.0
epoch,3999,0.0
epoch,4049,0.0
epoch,4099,0.0
epoch,4149,0.0
epoch,4199,0.0
epoch,4249,0.0
epoch,4299,0.0
epoch,4349,0.0
epoch,4399,0.0
epoch,4449,0.0
epoch,4499,0.0
epoch,4499,0.0
epoch,4549,0.0
epoch,4599,0.0
epoch,4649,0.0
epoch,4699,0.0
epoch,4749,0.0
epoch,4799,0.0
epoch,4849,0.0
epoch,4899,0.0
epoch,4949,0.0
epoch,4999,0.0
epoch,4999,0.0
val/mse,499,0.7817267775535583
val/mse,999,0.7017685174942017
val/mse,1499,0.6651241779327393
val/mse,1999,0.6457475423812866
val/mse,2499,0.6342818140983582
val/mse,2999,0.6270070672035217
val/mse,3499,0.6210727095603943
val/mse,3999,0.6194944977760315
val/mse,4499,0.6193926334381104
val/mse,4999,0.6168649792671204
val/contrastive_loss_lang,499,1.3141560554504395
val/contrastive_loss_lang,999,0.9274723529815674
val/contrastive_loss_lang,1499,0.7580355405807495
val/contrastive_loss_lang,1999,0.6743140816688538
val/contrastive_loss_lang,2499,0.6100574731826782
val/contrastive_loss_lang,2999,0.5700756311416626
val/contrastive_loss_lang,3499,0.5371272563934326
val/contrastive_loss_lang,3999,0.5135242938995361
val/contrastive_loss_lang,4499,0.5017498731613159
val/contrastive_loss_lang,4999,0.48809078335762024
val/contrastive_loss_point,499,1.2964757680892944
val/contrastive_loss_point,999,1.288442850112915
val/contrastive_loss_point,1499,1.2873642444610596
val/contrastive_loss_point,1999,1.2855446338653564
val/contrastive_loss_point,2499,1.289330005645752
val/contrastive_loss_point,2999,1.2973862886428833
val/contrastive_loss_point,3499,1.3010530471801758
val/contrastive_loss_point,3999,1.3067901134490967
val/contrastive_loss_point,4499,1.3220767974853516
val/contrastive_loss_point,4999,1.3290858268737793
val/loss_total,499,3.3923585414886475
val/loss_total,999,2.9176838397979736
val/loss_total,1499,2.710524082183838
val/loss_total,1999,2.6056063175201416
val/loss_total,2499,2.5336689949035645
val/loss_total,2999,2.494469165802002
val/loss_total,3499,2.4592528343200684
val/loss_total,3999,2.4398088455200195
val/loss_total,4499,2.4432191848754883
val/loss_total,4999,2.434041738510132
val/binding_hits,499,0.20509803295135498
val/binding_hits,999,0.1317647099494934
val/binding_hits,1499,0.1349019557237625
val/binding_hits,1999,0.1411764770746231
val/binding_hits,2499,0.1670588254928589
val/binding_hits,2999,0.15843136608600616
val/binding_hits,3499,0.18313725292682648
val/binding_hits,3999,0.17450980842113495
val/binding_hits,4499,0.19137254357337952
val/binding_hits,4999,0.18627451360225677
val/instance_ari,499,0.020763512700796127
val/instance_ari,999,0.2903713881969452
val/instance_ari,1499,0.27572929859161377
val/instance_ari,1999,0.30970025062561035
val/instance_ari,2499,0.32515308260917664
val/instance_ari,2999,0.32762637734413147
val/instance_ari,3499,0.32736736536026
val/instance_ari,3999,0.32681262493133545
val/instance_ari,4499,0.32016313076019287
val/instance_ari,4999,0.3261525630950928
val/instance_mbo,499,0.07644665986299515
val/instance_mbo,999,0.11499711871147156
val/instance_mbo,1499,0.11943750828504562
val/instance_mbo,1999,0.12961509823799133
val/instance_mbo,2499,0.13318400084972382
val/instance_mbo,2999,0.13719184696674347
val/instance_mbo,3499,0.1379355788230896
val/instance_mbo,3999,0.13612091541290283
val/instance_mbo,4499,0.13740460574626923
val/instance_mbo,4999,0.138998344540596
val/gt_matched_instance_mbo,499,0.059583880007267
val/gt_matched_instance_mbo,999,0.10424814373254776
val/gt_matched_instance_mbo,1499,0.10886668413877487
val/gt_matched_instance_mbo,1999,0.11504442989826202
val/gt_matched_instance_mbo,2499,0.11947005242109299
val/gt_matched_instance_mbo,2999,0.1192551776766777
val/gt_matched_instance_mbo,3499,0.12083004415035248
val/gt_matched_instance_mbo,3999,0.12171913683414459
val/gt_matched_instance_mbo,4499,0.12327432632446289
val/gt_matched_instance_mbo,4999,0.125407874584198
val/acc_sc,499,0.2105882316827774
val/acc_sc,999,0.5419607758522034
val/acc_sc,1499,0.7435294389724731
val/acc_sc,1999,0.8152941465377808
val/acc_sc,2499,0.8592156767845154
val/acc_sc,2999,0.882745087146759
val/acc_sc,3499,0.8992156982421875
val/acc_sc,3999,0.9160784482955933
val/acc_sc,4499,0.9286274313926697
val/acc_sc,4999,0.9317647218704224
val/acc_cs,499,0.19333332777023315
val/acc_cs,999,0.6474509835243225
val/acc_cs,1499,0.8090196251869202
val/acc_cs,1999,0.8568627238273621
val/acc_cs,2499,0.889803946018219
val/acc_cs,2999,0.9090195894241333
val/acc_cs,3499,0.9215686321258545
val/acc_cs,3999,0.9341176748275757
val/acc_cs,4499,0.9415686130523682
val/acc_cs,4999,0.9431372284889221
val/acc_avg,499,0.20196078717708588
val/acc_avg,999,0.5947058796882629
val/acc_avg,1499,0.7762745022773743
val/acc_avg,1999,0.836078405380249
val/acc_avg,2499,0.8745098114013672
val/acc_avg,2999,0.8958823680877686
val/acc_avg,3499,0.910392165184021
val/acc_avg,3999,0.9250980615615845
val/acc_avg,4499,0.9350980520248413
val/acc_avg,4999,0.9374510049819946
